<!--
	PSPComic Default Theme for version 1.0.1
	By Ntaclassic - Nguyen Tuan Anh
	This file is public domain
	bg.png is licensed under the GPL
-->
<?xml version="1.0"?>
<theme name="Default theme" version="1.0.1">
	<font filename="FRAMDCN.ttf" antialias="yes" size="15" lspacing="19">
		<ranges>
			<range begin="0" end="255" />
		</ranges>
		<color context="normal" red="255" green="255" blue="255" />
		<color context="selected" red="9" green="159" blue="211" />
		<color context="batterylow" red="251" green="4" blue="64" />
		<color context="batterycharging" red="255" green="255" blue="50" />
		<color context="secondary" red="175" green="226" blue="75" />
		<color context="tertiary" red="242" green="239" blue="9" />
		<color context="error" red="255" green="200" blue="100" />
	</font>
	<background filename="bg.png">
		<color context="fallback" red="50" green="50" blue="50" />
	</background>
	<image id="image_usb" filename="usb.png" />
	<color context="zoombox1" red="95" green="95" blue="255" alpha="191"/>
	<color context="zoombox2" red="191" green="63" blue="63" alpha="127"/>
</theme>
